app,route,sample,trial_id,serial,dataset,status,latency_ms,start_ns,end_ns,pid,utc,semantic_sha256
comet,ActivityToSettings,1,ActivityToSettings-B1-P01-comet,13041FDD4007MT,1000,valid,386.04733,247493440258828,247493826306158,16195,2026-09-24T21:36:33.067125+00:00,eb97125e964e9504ce498e1f1bd85d297a1234d56eb2db00e7b5c14da68f092f
original,ActivityToSettings,1,ActivityToSettings-B1-P01-original,13041FDD4007MT,1000,valid,260.294141,247845306131901,247845566426042,16759,2026-09-24T21:42:19.622982+00:00,eb97125e964e9504ce498e1f1bd85d297a1234d56eb2db00e7b5c14da68f092f
comet,ActivityToSettings,2,ActivityToSettings-B1-P02-comet,13041FDD4007MT,1000,valid,414.168739,248274041473258,248274455641997,19845,2026-09-24T21:49:33.598361+00:00,eb97125e964e9504ce498e1f1bd85d297a1234d56eb2db00e7b5c14da68f092f
original,ActivityToSettings,2,ActivityToSettings-B1-P02-original,13041FDD4007MT,1000,valid,246.844816,248253938982141,248254185826957,19622,2026-09-24T21:49:08.026857+00:00,eb97125e964e9504ce498e1f1bd85d297a1234d56eb2db00e7b5c14da68f092f
comet,ActivityToSettings,3,ActivityToSettings-B1-P03-comet,13041FDD4007MT,1000,valid,399.355457,248294364609657,248294763965114,19976,2026-09-24T21:49:53.863057+00:00,eb97125e964e9504ce498e1f1bd85d297a1234d56eb2db00e7b5c14da68f092f
original,ActivityToSettings,3,ActivityToSettings-B1-P03-original,13041FDD4007MT,1000,valid,241.827524,248320079077323,248320320904847,20770,2026-09-24T21:50:14.183785+00:00,eb97125e964e9504ce498e1f1bd85d297a1234d56eb2db00e7b5c14da68f092f
comet,ActivityToSettings,4,ActivityToSettings-B1-P04-comet,13041FDD4007MT,1000,valid,395.307331,248365801760941,248366197068272,21273,2026-09-24T21:51:05.316799+00:00,eb97125e964e9504ce498e1f1bd85d297a1234d56eb2db00e7b5c14da68f092f
original,ActivityToSettings,4,ActivityToSettings-B1-P04-original,13041FDD4007MT,1000,valid,252.186588,248345665662528,248345917849116,21022,2026-09-24T21:50:39.744731+00:00,eb97125e964e9504ce498e1f1bd85d297a1234d56eb2db00e7b5c14da68f092f
comet,ActivityToSettings,5,ActivityToSettings-B1-P05-comet,13041FDD4007MT,1000,valid,450.161243,248386096483952,248386546645195,21395,2026-09-24T21:51:25.601988+00:00,eb97125e964e9504ce498e1f1bd85d297a1234d56eb2db00e7b5c14da68f092f
original,ActivityToSettings,5,ActivityToSettings-B1-P05-original,13041FDD4007MT,1000,valid,241.516014,248412000624449,248412242140463,21522,2026-09-24T21:51:45.953076+00:00,eb97125e964e9504ce498e1f1bd85d297a1234d56eb2db00e7b5c14da68f092f
comet,ActivityToSettings,6,ActivityToSettings-B1-P06-comet,13041FDD4007MT,1000,valid,451.585097,248457352987665,248457804572762,21945,2026-09-24T21:52:37.152463+00:00,eb97125e964e9504ce498e1f1bd85d297a1234d56eb2db00e7b5c14da68f092f
original,ActivityToSettings,6,ActivityToSettings-B1-P06-original,13041FDD4007MT,1000,valid,246.122577,248437482649279,248437728771856,21735,2026-09-24T21:52:11.664868+00:00,eb97125e964e9504ce498e1f1bd85d297a1234d56eb2db00e7b5c14da68f092f
comet,ActivityToSettings,7,ActivityToSettings-B1-P07-comet,13041FDD4007MT,1000,valid,397.786498,248477451175969,248477848962467,22077,2026-09-24T21:52:57.157843+00:00,eb97125e964e9504ce498e1f1bd85d297a1234d56eb2db00e7b5c14da68f092f
original,ActivityToSettings,7,ActivityToSettings-B1-P07-original,13041FDD4007MT,1000,valid,253.177838,248503122738162,248503375916000,22199,2026-09-24T21:53:17.262906+00:00,eb97125e964e9504ce498e1f1bd85d297a1234d56eb2db00e7b5c14da68f092f
comet,ActivityToSettings,8,ActivityToSettings-B1-P08-comet,13041FDD4007MT,1000,valid,400.401967,248548864661261,248549265063228,22646,2026-09-24T21:54:08.406882+00:00,eb97125e964e9504ce498e1f1bd85d297a1234d56eb2db00e7b5c14da68f092f
original,ActivityToSettings,8,ActivityToSettings-B1-P08-original,13041FDD4007MT,1000,valid,244.228098,248528739039672,248528983267770,22416,2026-09-24T21:53:42.785152+00:00,eb97125e964e9504ce498e1f1bd85d297a1234d56eb2db00e7b5c14da68f092f
comet,ActivityToSettings,9,ActivityToSettings-B1-P09-comet,13041FDD4007MT,1000,valid,423.481813,248569204887610,248569628369423,22773,2026-09-24T21:54:28.659715+00:00,eb97125e964e9504ce498e1f1bd85d297a1234d56eb2db00e7b5c14da68f092f
original,ActivityToSettings,9,ActivityToSettings-B1-P09-original,13041FDD4007MT,1000,valid,248.854868,248594936816684,248595185671552,22901,2026-09-24T21:54:49.011898+00:00,eb97125e964e9504ce498e1f1bd85d297a1234d56eb2db00e7b5c14da68f092f
comet,ActivityToSettings,10,ActivityToSettings-B1-P10-comet,13041FDD4007MT,1000,valid,392.81681,248640578305293,248640971122103,23319,2026-09-24T21:55:40.204008+00:00,eb97125e964e9504ce498e1f1bd85d297a1234d56eb2db00e7b5c14da68f092f
original,ActivityToSettings,10,ActivityToSettings-B1-P10-original,13041FDD4007MT,1000,valid,249.296222,248620536089755,248620785385977,23122,2026-09-24T21:55:14.597319+00:00,eb97125e964e9504ce498e1f1bd85d297a1234d56eb2db00e7b5c14da68f092f
comet,NewDrinkToActivity,1,NewDrinkToActivity-B1-P01-comet,13041FDD4007MT,1000,valid,1524.309319,247473365616515,247474889925834,15776,2026-09-24T21:36:13.659716+00:00,eb97125e964e9504ce498e1f1bd85d297a1234d56eb2db00e7b5c14da68f092f
original,NewDrinkToActivity,1,NewDrinkToActivity-B1-P01-original,13041FDD4007MT,1000,valid,1859.186331,247819810105143,247821669291474,16499,2026-09-24T21:41:58.439574+00:00,eb97125e964e9504ce498e1f1bd85d297a1234d56eb2db00e7b5c14da68f092f
comet,NewDrinkToActivity,2,NewDrinkToActivity-B1-P02-comet,13041FDD4007MT,1000,valid,1352.706854,247909191839828,247910544546682,17165,2026-09-24T21:43:30.161070+00:00,eb97125e964e9504ce498e1f1bd85d297a1234d56eb2db00e7b5c14da68f092f
original,NewDrinkToActivity,2,NewDrinkToActivity-B1-P02-original,13041FDD4007MT,1000,valid,1823.712473,247890385339257,247892209051730,16988,2026-09-24T21:43:09.166185+00:00,eb97125e964e9504ce498e1f1bd85d297a1234d56eb2db00e7b5c14da68f092f
comet,NewDrinkToActivity,3,NewDrinkToActivity-B1-P03-comet,13041FDD4007MT,1000,valid,2165.320685,247927899669973,247930064990658,17275,2026-09-24T21:43:48.884759+00:00,eb97125e964e9504ce498e1f1bd85d297a1234d56eb2db00e7b5c14da68f092f
original,NewDrinkToActivity,3,NewDrinkToActivity-B1-P03-original,13041FDD4007MT,1000,valid,1851.435966,247948887738262,247950739174228,17386,2026-09-24T21:44:07.668937+00:00,eb97125e964e9504ce498e1f1bd85d297a1234d56eb2db00e7b5c14da68f092f
comet,NewDrinkToActivity,4,NewDrinkToActivity-B1-P04-comet,13041FDD4007MT,1000,valid,1456.856968,247988816543073,247990273400041,17757,2026-09-24T21:44:49.786884+00:00,eb97125e964e9504ce498e1f1bd85d297a1234d56eb2db00e7b5c14da68f092f
original,NewDrinkToActivity,4,NewDrinkToActivity-B1-P04-original,13041FDD4007MT,1000,valid,1856.25857,247969976967290,247971833225860,17577,2026-09-24T21:44:28.688219+00:00,eb97125e964e9504ce498e1f1bd85d297a1234d56eb2db00e7b5c14da68f092f
comet,NewDrinkToActivity,5,NewDrinkToActivity-B1-P05-comet,13041FDD4007MT,1000,valid,1526.512548,248007609197601,248009135710149,17862,2026-09-24T21:45:08.562982+00:00,eb97125e964e9504ce498e1f1bd85d297a1234d56eb2db00e7b5c14da68f092f
original,NewDrinkToActivity,5,NewDrinkToActivity-B1-P05-original,13041FDD4007MT,1000,valid,1833.755338,248028452468376,248030286223714,17966,2026-09-24T21:45:27.329914+00:00,eb97125e964e9504ce498e1f1bd85d297a1234d56eb2db00e7b5c14da68f092f
comet,NewDrinkToActivity,6,NewDrinkToActivity-B1-P06-comet,13041FDD4007MT,1000,valid,1115.052924,248068529202524,248069644255448,18341,2026-09-24T21:46:09.366203+00:00,eb97125e964e9504ce498e1f1bd85d297a1234d56eb2db00e7b5c14da68f092f
original,NewDrinkToActivity,6,NewDrinkToActivity-B1-P06-original,13041FDD4007MT,1000,valid,1854.116903,248049557057093,248051411173996,18154,2026-09-24T21:45:48.235326+00:00,eb97125e964e9504ce498e1f1bd85d297a1234d56eb2db00e7b5c14da68f092f
comet,NewDrinkToActivity,7,NewDrinkToActivity-B1-P07-comet,13041FDD4007MT,1000,valid,1346.762478,248087361013723,248088707776201,18453,2026-09-24T21:46:28.252119+00:00,eb97125e964e9504ce498e1f1bd85d297a1234d56eb2db00e7b5c14da68f092f
original,NewDrinkToActivity,7,NewDrinkToActivity-B1-P07-original,13041FDD4007MT,1000,valid,1843.913256,248108396371548,248110240284804,18550,2026-09-24T21:46:47.085545+00:00,eb97125e964e9504ce498e1f1bd85d297a1234d56eb2db00e7b5c14da68f092f
comet,NewDrinkToActivity,8,NewDrinkToActivity-B1-P08-comet,13041FDD4007MT,1000,valid,1399.260973,248148509193617,248149908454590,18920,2026-09-24T21:47:29.465287+00:00,eb97125e964e9504ce498e1f1bd85d297a1234d56eb2db00e7b5c14da68f092f
original,NewDrinkToActivity,8,NewDrinkToActivity-B1-P08-original,13041FDD4007MT,1000,valid,1873.254718,248129629164340,248131502419058,18741,2026-09-24T21:47:08.223031+00:00,eb97125e964e9504ce498e1f1bd85d297a1234d56eb2db00e7b5c14da68f092f
comet,NewDrinkToActivity,9,NewDrinkToActivity-B1-P09-comet,13041FDD4007MT,1000,valid,1559.801302,248167214956782,248168774758084,19027,2026-09-24T21:47:48.221459+00:00,eb97125e964e9504ce498e1f1bd85d297a1234d56eb2db00e7b5c14da68f092f
original,NewDrinkToActivity,9,NewDrinkToActivity-B1-P09-original,13041FDD4007MT,1000,valid,1854.962477,248188226186271,248190081148748,19138,2026-09-24T21:48:06.940148+00:00,eb97125e964e9504ce498e1f1bd85d297a1234d56eb2db00e7b5c14da68f092f
comet,NewDrinkToActivity,10,NewDrinkToActivity-B1-P10-comet,13041FDD4007MT,1000,valid,1624.874224,248228322408391,248229947282615,19513,2026-09-24T21:48:49.236178+00:00,eb97125e964e9504ce498e1f1bd85d297a1234d56eb2db00e7b5c14da68f092f
original,NewDrinkToActivity,10,NewDrinkToActivity-B1-P10-original,13041FDD4007MT,1000,valid,1878.046542,248209442576822,248211320623364,19338,2026-09-24T21:48:28.055492+00:00,eb97125e964e9504ce498e1f1bd85d297a1234d56eb2db00e7b5c14da68f092f
